website,companyName
https://www.smartsites.com/lp/digital-marketing-lp/?utm_source=clutch.co&utm_medium=referral&utm_campaign=agencies,SmartSites 
https://danielbrian.com/?utm_source=clutch.co&utm_medium=referral&utm_campaign=agencies,Daniel Brian Advertising 
https://andersoncollaborative.com/?utm_source=clutch.co&utm_medium=referral&utm_campaign=agencies,Anderson Collaborative 
https://favoured.co.uk/?utm_source=clutch.co&utm_medium=referral,Favoured 
https://www.venthio.com/?utm_source=clutch.co&utm_medium=referral&utm_campaign=ad-agencies,Venthio 
https://req.co?utm_medium=paid-referral&utm_source=clutch&utm_campaign=top-advertising,REQ 
http://www.jacobtyler.com/?utm_source=clutch&utm_medium=referral&utm_campaign=agencies,Jacob Tyler 
https://www.directom.com/?utm_source=clutch&utm_medium=referral,Direct Online Marketing 
https://starfishco.com/?utm_source=clutch.co&utm_medium=referral&utm_campaign=agencies,Starfish 
https://www.spireagency.com/?utm_source=clutch.co&utm_medium=referral&utm_campaign=agencies,Spire Agency 
https://www.commcreative.com/?utm_source=clutch.co&utm_medium=referral&utm_campaign=agencies,CommCreative 
http://iconmc.com/,Icon Marketing Communications 
http://www.manifestoagency.com/?utm_source=clutch.co&utm_medium=referrall&utm_campaign=agencies,Manifesto Agency 
https://impactable.com/paid-ads/?utm_source=clutch.co&utm_medium=referral&utm_campaign=agencies-advertising,Impactable 
https://www.ourownbrand.co/?utm_source=clutch&utm_medium=referral&utm_campaign=agencies,Our Own Brand 
https://www.mediamattersww.com/?utm_source=clutch.co&utm_medium=referral&utm_campaign=agencies,Media Matters Worldwide 
https://digitalinkco.com?utm_source=clutch.co&utm_medium=referral&utm_campaign=agencies,Digital Ink 
http://www.sagefrog.com/?utm_source=clutch.co&utm_medium=referral&utm_campaign=agencies,Sagefrog Marketing Group 
https://www.cutwatersf.com/?utm_source=clutch.co&utm_medium=referral&utm_campaign=agencies,Cutwater 
https://neuelane.com?utm_source=clutch&utm_medium=agency_list&utm_campaign=agency_directory&utm_content=agencies,neuelane 
https://boldercreative.com/?utm_source=clutch.co&utm_medium=referral&utm_campaign=agencies,Bolder & Co. Creative Studios 
https://distinctppc.com/?utm_source=clutch.co&utm_medium=referral&utm_campaign=directory,Distinct 
http://badrhinoinc.com/?utm_source=clutch.co&utm_medium=referral,Bad Rhino Inc. 
https://www.mightyfinedesign.co/?utm_source=clutch.co&utm_medium=referral&utm_campaign=agencies,Mighty Fine 
https://www.dolenardigital.com/?utm_source=clutch.co&utm_medium=referral&utm_campaign=directory,Dolenar Digital 
https://powerdigitalmarketing.com/clutch/,Power Digital 
https://www.anchour.com/?utm_source=clutch.co&utm_medium=directory,Anchour 
https://www.cience.com/?utm_source=clutch&utm_medium=referral,CIENCE Technologies 
https://www.zerotrillion.com/?utm_source=clutch.co&utm_medium=referral&utm_campaign=directory,Zerotrillion 
http://moburst.com/?utm_source=clutch.co&utm_medium=referral,Moburst 
https://reichlundpartner.com/?utm_source=clutch.co&utm_medium=referral&utm_campaign=agencies,Reichl und Partner Werbeagentur GmbH 
https://www.onlineoptimism.com/become-an-optimistic-client/?utm_source=clutch&utm_medium=referral,Online Optimism 
https://www.cayk.ca/?utm_source=clutch.co&utm_medium=referral&utm_campaign=directory,CAYK Marketing Inc. 
https://illuminator.co/?utm_source=clutch.co&utm_medium=referral&utm_campaign=directory,Illuminator 
http://rule29.com/?utm_source=clutch.co&utm_medium=referral,Rule29 
https://seedx.us/?utm_source=clutch.co&utm_medium=referral&utm_campaign=directory,SeedX Inc. 
https://phiture.com/?utm_source=clutch.co&utm_medium=referral&utm_campaign=directory,Phiture 
https://sociallyin.com?utm_campaign=Clutch.co-Profile&utm_source=Clutch.Co&utm_medium=Clutch.co,Sociallyin 
https://www.sgkinc.com/en/?utm_source=clutch.co&utm_medium=referral&utm_campaign=directory,SGK 
https://inpulsedigital.com/?utm_source=clutch.co&utm_medium=referral&utm_campaign=directory,InPulse Digital 
http://gkv.com/?utm_source=clutch.co&utm_medium=referral&utm_campaign=directory,GKV 
https://megaphonemarketing.com.au/?utm_source=clutch.co&utm_medium=referral&utm_campaign=directory,Megaphone Marketing 
https://seoplus.com,seoplus+ 
https://intention.al/how-to-choose-a-digital-ad-agency/,Intentional 
https://funnelboostmedia.net/clutch/?utm_source=clutch.co&utm_medium=referral&utm_campaign=agencies,Funnel Boost Media 
http://www.braindonors.agency,BrainDonors 
https://www.ajmarketing.io/?utm_source=clutch.co&utm_medium=referral&utm_campaign=directory,AJ Marketing 
https://j2made.com/?utm_source=clutch.co&utm_medium=referral&utm_campaign=directory,J2 
http://blvr.com/?utm_source=clutch.co&utm_medium=referral,BLVR 
https://www.seoworks.co.uk/?utm_source=clutch.co&utm_medium=referral&utm_campaign=directory,The SEO Works 
https://www.97dwest.com/?utm_source=clutch.co&utm_medium=referral&utm_campaign=directory,97 Degrees West
https://zo.agency/?utm_source=clutch.co&utm_medium=referral&utm_campaign=directory,zo agency
https://www.room4media.com/marketing-agency-colombia-latam.html?utm_source=clutch&utm_medium=sponsorship&utm_id=latam,Room4 Media
https://www.believeadvertising.com/clutch-awards/?utm_source=clutch.co&utm_medium=referral&utm_campaign=directory,Believe Advertising & PR
https://brandlume.com/?utm_source=clutch.co&utm_medium=referral,BrandLume Inc.
https://www.columnfivemedia.com/?utm_source=clutch&utm_medium=referral&utm_campaign=profile,Column Five
https://humandigital.com?utm_source=clutch.co&utm_medium=referral&utm_campaign=directory,Human Digital
https://nobledigital.com/?utm_source=clutch.co&utm_medium=referral&utm_campaign=directory,Noble Digital
https://watsoncreative.com/contact-us/?utm_source=clutch.co&utm_medium=referral&utm_campaign=directory,Watson Creative
https://arcreactions.com,Arc Reactions
http://www.innovativeadagency.com/?utm_source=clutch.co&utm_medium=referral&utm_campaign=directory,Innovative Advertising
https://97switch.com/?utm_source=clutch.co&utm_medium=referral&utm_campaign=directory,97 Switch
https://www.mancusomedia.com/#contact-form/?utm_source=clutch.co&utm_medium=referral&utm_campaign=directory,Mancuso Media
https://www.exaweb.com.ph/?utm_source=clutch.co&utm_medium=referral,ExaWeb Corporation
https://wearecomplexcreative.com/?utm_source=clutch.co&utm_medium=referral&utm_campaign=directory,Complex Creative
https://www.r3mx.com/?utm_source=clutch.co&utm_medium=referral,REMIXED
https://designindc.com/?utm_source=clutch.co&utm_medium=referral&utm_campaign=directory,Design In DC
https://pixated.agency/?utm_source=clutch.co&utm_medium=referral&utm_campaign=directory,Pixated
http://ideapeddler.com/?utm_source=clutch.co&utm_medium=referral&utm_campaign=directory,Idea Peddler
https://sociallink.com/?utm_source=clutch.co&utm_medium=referral&utm_campaign=agencies,Social Link
http://www.mabbly.com/?utm_source=clutch.co&utm_medium=referral,Mabbly
https://grow.brolik.com/welcome/?utm_campaign=directory&utm_source=clutch.co&utm_medium=referral,Brolik
https://www.adelt.io/?utm_source=clutch.co&utm_medium=referral&utm_campaign=directory,ADELT Agency
http://dreww.ca,Dreww
https://colorcreative.co.uk/,ColorCreative
https://signifly.com/?utm_source=clutch.co&utm_medium=referral&utm_campaign=directory,Signifly
https://www.12creative.co/?utm_source=clutch.co&utm_medium=referral&utm_campaign=directory,12 Creative
https://www.2pointagency.com/sandiego-digital-agency/?utm_source=clutch.co&utm_medium=referral&utm_campaign=directorytipp,2POINT Agency
https://liftinteractive.com/?utm_source=clutch&utm_medium=referral,Lift Interactive Inc.
https://www.beacondigitalmarketing.com?utm_source=clutch.co&utm_medium=referral&utm_campaign=directory,Beacon Digital Marketing
https://neffknows.com/?utm_source=clutch.co&utm_medium=referral&utm_campaign=directory,Neff
https://www.theremnantagency.com/?utm_source=clutch.co&utm_medium=referral&utm_campaign=directory,The Remnant Agency
https://boundlessagency.co/?utm_source=clutch.co&utm_medium=referral&utm_campaign=directory,Boundless Agency
https://advantebcs.com/,Advant√©-BCS
https://kworq.com/?utm_source=clutch.co&utm_medium=referral&utm_campaign=directory,Kworq
https://snowballcreations.com/?utm_source=clutch.co&utm_medium=referral&utm_campaign=directory,Snowball Creations
https://weareblend.la/?utm_source=clutch&utm_medium=referral,blend
https://www.zellusmarketing.com/?utm_source=clutch.co&utm_medium=referral&utm_campaign=directory,Zellus
http://www.RemedyFilms.com/?utm_source=clutch.co&utm_medium=referral&utm_campaign=directory,REMEDY
https://5seasonsmedia.com/?utm_source=clutch.co&utm_medium=referral&utm_campaign=directory,Five Seasons Media
https://www.phenyx.co,PHENYX
https://www.thisismirage.com/?utm_source=clutch.co&utm_medium=referral&utm_campaign=directory,Mirage
http://www.bythebooth.com,By The Booth
http://www.projectbionic.com/?utm_source=clutch.co&utm_medium=referral&utm_campaign=directory,Project Bionic
https://www.mrcreativesocial.com/?utm_source=clutch.co&utm_medium=referral&utm_campaign=directory,Mr Creative Social
https://www.creativosrd.com/?utm_source=clutch.co&utm_medium=referral&utm_campaign=directory,Creativos RD
https://adamatic.co/?utm_source=clutch.co&utm_medium=referral&utm_campaign=directory,Adamatic Inc
https://propagandacreative.com/,Propaganda Creative
https://www.parkerwhite.com/?utm_source=clutch.co&utm_medium=referral,ParkerWhite Brand Interactive
https://kota.co.uk/?utm_source=clutch.co&utm_medium=referral&utm_campaign=directory,KOTA 
https://www.reputationmanagementconsultants.com/?utm_source=clutch.co&utm_medium=referral,Reputation Management Consultants 
http://www.blackrabbit.pl,Black Rabbit 
http://www.insil.com.au/?utm_source=clutch.co&utm_medium=referral&utm_campaign=directory,Insil 
https://www.xhilarate.com/?utm_source=clutch.co&utm_medium=referral,Xhilarate 
https://krafteddigital.com/?utm_source=clutch.co&utm_medium=referral&utm_campaign=directory,Krafted Digital 
http://www.konamade.com/?utm_source=clutch.co&utm_medium=referral,Kona Made 
https://baha.agency/?utm_source=clutch.co&utm_medium=referral&utm_campaign=directory,Baha Agency 
https://www.tricks.studio,Tricks Studio 
https://www.gentechmarketing.com/tampamarketing/?utm_source=clutch.co&utm_medium=referral&utm_campaign=directory,GenTech Marketing 
https://stavridisgroup.com.au/,Stavridis Group 
http://www.cintri.media/?utm_source=clutch.co&utm_medium=referral&utm_campaign=directory,Cintri 
https://www.connect4webdesign.com/?utm_source=clutch.co&utm_medium=referral&utm_campaign=directory,Connect 4 Web Design 
http://www.6minded.com/?utm_source=clutch.co&utm_medium=referral&utm_campaign=agencies,6Minded 
https://intltech.com/?utm_source=clutch.co&utm_medium=referral&utm_campaign=directory,IntlTech 
https://idearocketanimation.com/?utm_source=clutch.co&utm_medium=referral&utm_campaign=directory,IdeaRocket 
https://www.dunclyde.com/?utm_source=clutch.co&utm_medium=referral&utm_campaign=directory,Dunclyde 
https://beyond-definition.com,Yes& 
https://roman.ua/en/,Roman.ua 
https://lp.kiss-agency.com,KISS Agency 
http://thelolaagency.com,London : Los Angeles 
http://spit-ball.com/?utm_source=clutch.co&utm_medium=referral&utm_campaign=directory,Spitball Advertising 
http://www.duncanchannon.com/,Duncan Channon 
https://admindagency.com/,Admind Agency 
https://merosmedia.com,Meros Media 
https://bandaagency.com/,Banda Agency 
https://fusecreate.com/,FUSE Create 
http://www.rxmcreative.com,RXM Creative 
http://www.brandopus.com/,BrandOpus 
https://thecrowdfundingformula.com/,TCF - The Crowdfunding Formula 
http://www.icrinc.com/,ICR 
https://welcometofrank.com/,Frank 
https://www.periscope.com,Periscope (Formerly Anthem Marketing Solutions) 
http://www.sensisagency.com/,SENSIS 
https://www.thebrandonagency.com/contact/,The Brandon Agency 
https://fivebyfiveglobal.com/,Five by Five 
http://www.hmhagency.com/?utm_source=clutch.co&utm_medium=referral&utm_campaign=agencies,HMH 
https://bearinthehall.com/,Bear In The Hall 
https://influasia.com,INFLUASIA 
https://justidea.agency,JustIdea Agency 
https://gr0.com/?utm_source=clutch.co&utm_medium=referral&utm_campaign=directory,GR0 
http://www.IPNY.com/?utm_source=clutch&utm_medium=referral,IPNY 
https://agenciakids.es/,KIDS Agency 
https://www.ourselves.work,Ourselves 
https://www.digitalposition.com/,Digital Position 
http://www.brandingthatslaps.com/?utm_source=clutch&utm_medium=referral,SLAPS 
https://www.omniagency.ca/social-media-management/?utm_source=clutch.co&utm_medium=referral&utm_campaign=directory,OMNI AGENCY 
https://intelusagency.com,Intelus Agency 
http://hubsanfrancisco.com/?utm_source=clutch.co&utm_medium=referral&utm_campaign=directory,HUb 
https://cntrstudio.com/home/,DANK 
https://cmglocalsolutions.com/?utm_source=clutch.co&utm_medium=referral&utm_campaign=agencies,Cox Media Group Local Solutions 
https://interviewvalet.com/,Interview Valet 
https://www.9thwonder.com/?utm_source=clutch.co&utm_medium=referral,9thWonder 
http://gmlv.co,GMLV 
http://www.rockcandymedia.com,Rock Candy Media 
http://www.gozoek.com,Zoek 
https://giantsandgents.com/,Giants & Gentlemen 
https://www.waterbecorp.com/,Waterbe Marketing 
https://advanttechnology.com/,Advant Technology Ltd 
http://www.williamswhittle.com/,Williams Whittle Associates Inc 
https://www.publicis.am/,Publicis Armenia 
http://www.brainworksmarketing.ca,BrainWorks - The Growth Agency 
http://www.mutesix.com/?utm_source=clutch.co&utm_medium=referral&utm_campaign=directory,MuteSix 
https://www.tronviggroup.com/?utm_source=clutch.co&utm_medium=referral&utm_campaign=agencies,Tronvig 
http://www.zubiad.com/,Zubi Advertising 
https://www.poweragency.com,The Power Agency 
http://schoolofthought.com,School of Thought 
https://therepublik.com/,THE REPUBLIK 
http://sidlee.com,Sid Lee 
http://www.activatehealth.com,Activate Health 
https://thisisthetree.com/,the tree 
https://svitsoft.com/,Svitsoft 
https://sensters.com/,Sensters 
http://www.fearlessmedia.com,Fearless Media 
https://www.awillingparticipant.com/,"A Willing Participant, Inc. "
http://hydrogenadvertising.com,Hydrogen Advertising 
https://gethierarchy.com,Hierarchy Inc 
https://prilika.group/en/,Prilika Group 
https://www.vantagep.com/?utm_source=clutch.co&utm_medium=referral&utm_campaign=directory,VantagePoint Marketing 
https://www.rainfactory.com/?utm_source=clutch.co&utm_medium=referral,Rainfactory 
https://www.ampagency.com/?utm_source=clutch.co&utm_medium=referrall&utm_campaign=agencies,AMP Agency 
http://metricppc.com/?utm_source=clutch.co&utm_medium=referral&utm_campaign=directory,Metric PPC 
https://vigorbranding.com/?utm_source=clutch.co&utm_medium=referral&utm_campaign=directory,Vigor 
https://thirsty.agency/,"Thirsty Agency, Inc "
https://arsenlagency.com/,ARSENL 
https://www.lkfmarketing.com/,LKF Marketing 
https://www.savvdigital.com.au/?utm_source=clutch.co&utm_medium=referral&utm_campaign=agencies,SAVV DIGITAL 
https://mobihunter.co,Mobihunter 
https://www.rossmanmedia.com/?utm_source=clutch.co&utm_medium=referral&utm_campaign=directory,Rossman Media 
https://yourdigitalresource.com/,Digital Resource 
https://citizengroup.com/,Citizen Group 
https://mapsofarabia.com,Maps Of Arabia - SEO Agency 
http://WWW.NUROMARKETING.COM,NURO MARKETING 
https://www.grouplevinson.com/,GroupLevinson Public Relations 
https://wearefieldtrip.com/,Fieldtrip 
https://acreativeagency.ca,CREATIVE Promotional Marketing Agency 
https://regital.com,Regital 
http://www.mmc-ae.com,Momentum Marketing & Events 
https://www.helpgood.com,HelpGood 
https://sociallybuzz.com?utm_source=clutch&utm_medium=website&utm_campaign=sponsor_campaign&utm_term=clutch,Sociallybuzz 
https://www.byaustere.com/?utm_source=clutch.co&utm_medium=referral&utm_campaign=directory,AUSTERE 
http://www.5plus8.com/,5 + 8 
https://smart-promotion.com.ua/,SMART Promotion&Production 
http://www.yieldbranding.com/,Yield Branding 
https://huntingtonpacificmedia.com/,Huntington Pacific Media 
https://www.q1media.com/,"Q1Media, Inc. "
https://www.weinbachgroup.com,The Weinbach Group 
https://www.alanizmarketing.com/,Alaniz 
http://www.thebrandsmen.com/,The Brandsmen 
http://www.braintank.ua,Brain Tank 
https://www.dynamicwaveconsulting.com,Dynamic Wave Consulting 
https://www.prolifikmarketing.com/,Prolifik Digital Marketing 
https://www.gdcnetwork.ma,GDC Network 
https://www.adquadrant.com,adQuadrant 
https://sellerpump.com,SellerPump 
https://www.marketer-ux.com/,marketer UX 
http://jstokes.com,JStokes Agency 
https://kiosk.tm,Kiosk 
https://agencyinmotion.com/?utm_source=clutch&utm_medium=referral,Motion Agency 
http://www.fosterwebmarketing.com,Foster Web Marketing 
http://www.stirstuff.com/,STIR Advertising & Integrated Messaging 
https://thinkflipp.com/,Flipp Advertising Inc. 
https://capitaldealersolutions.com/,"Capital Solutions, Corp - Digital Marketing Agency "
http://www.farinella.com/,Farinella LLC 
https://highlevelthinkers.com/?utm_source=clutch.co&utm_medium=referral&utm_campaign=directory,High Level Thinkers 
http://mlk.global/?utm_source=clutch.co&utm_medium=referral&utm_campaign=directory,Moloko Creative Inc 
http://www.rosbeef.fr/,Rosbeef! 
https://edsfze.com/,EDS FZE (Social Media Marketing & Lead Generation Company) 
https://risemkg.com/?utm_source=clutch.co&utm_medium=referral&utm_campaign=agencies,Rise Marketing Group 
https://www.emojo-digital.com,eMojo Digital Marketing 
https://forgeworldwide.com/welcome-to-forge/?utm_source=clutch.co&utm_medium=referral,Forge Worldwide 
https://www.bkmmarketing.com/?utm_source=clutch.co&utm_medium=referral&utm_campaign=directory,"BKM Marketing Associates, Inc. "
https://neboideas.agency,Nebo ideas agency 
https://www.khj.com/?utm_campaign=clutch.co&utm_source=clutch.co&utm_medium=profile,KHJ Brand Activation 
https://marketingfunnel.website/,LMNts Marketing 
https://www.hoopla.la/?utm_source=clutch.co&utm_medium=referral&utm_campaign=directory,Hoopla Creative Agency 
http://thefantastical.com/,The Fantastical 
http://www.millergroupmarketing.com?utm_source=clutch.co&utm_medium=referral,The Miller Group 
https://advertia.cz/en,advertia digital 
http://okd.com/,OKD Marketing 
http://www.vespertine.agency,Vespertine Agency 
http://www.jjrmarketing.com,JJR Marketing Inc. 
https://yorumarketing.com/?utm_source=clutch.co&utm_medium=referral&utm_campaign=directory,Yoru Marketing 
https://www.sourcesoftware.net/,Source Software 
https://avxdigital.com/?utm_source=clutch.co&utm_medium=referral,AVX Digital 
https://webserv.io/?utm_source=clutch.co&utm_medium=referral,Webserv 
