name,website
Talk Online Deutschland GmbH,https://talk-group.com/de/
YouGov Deutschland GmbH,http://www.yougov.de
DocCheck Insights,http://insights.doccheck.com
GIM,http://www.g-i-m.com
m-s Teststudios,http://www.teststudios-deutschland.de
iCONSULT,http://www.iCONSULT.de
OPINION Market Research & Consulting GmbH,http://www.opinion.de
Kr√§mer Marktforschung,http://www.kraemer-germany.com
infas 360 GmbH,http://www.infas360.de
Produkt + Markt,http://www.ProduktundMarkt.de
IfaD,https://www.ifad.de/
Norstat Deutschland GmbH,http://www.norstat.de
INNOFACT AG,http://www.innofact.com
Confield Research GmbH,http://www.confield.com
advise research gmbh,http://www.advise-research.com
rheingold salon GmbH & Co. KG,http://www.rheingold-salon.de
NORDLIGHT research GmbH,http://www.nordlight-research.com
DT&P international Group GmbH,http://www.dtp-int.com
Inter-View Partners GmbH,http://www.interviewpartners.com
FutureOne Market Research,https://www.futureone-market-research.de
management consult,http://www.management-consult.de
Point Blank Research & Consultancy GmbH,http://www.point-blank.net
Spiegel Institut Mannheim GmbH,http://www.spiegel-institut.de
IWD market research GmbH,http://www.iwd-marketresearch.de
moweb research GmbH,http://www.mowebresearch.com/
Civey,http://www.civey.com
Dynata,http://www.dynata.com
FFIND GmbH,http://www.ffind.com
PRS IN VIVO Germany GmbH,http://www.prs-invivo-group.com
