companyName,website
Vision One ,http://visionone.co.uk/?utm_source=clutch.co&utm_medium=referral&utm_campaign=uk-agencies-market-research
Arlington Research ,https://www.arlingtonresearch.global/?utm_source=clutch.co&utm_medium=referral&utm_campaign=uk-agencies-market-research
Danebury ,https://www.daneburyresearch.com/?utm_source=clutch.co&utm_medium=referral&utm_campaign=directory
The Yard Creative ,http://www.theyardcreative.com/?utm_source=clutch.co&utm_medium=referral&utm_campaign=directory
UX Connections ,http://www.uxconnections.com/?utm_source=clutch.co&utm_medium=referral&utm_campaign=directory
Antedote ,https://antedote.com/?utm_source=clutch.co&utm_medium=referral&utm_campaign=directory
2Europe ,https://www.2-europe.com/
VocalViewsÂ® ,https://vocalviews.com
Visiongain Limited ,https://www.visiongain.com/contact/
Adience ,https://www.hello-adience.com
CNA International IT ,https://cna-it.com/?utm_source=clutch.co&utm_medium=referral&utm_campaign=profile
DNA Business Engineering Ltd ,https://dnabusinessengineering.co.uk/?utm_source=clutch.co&utm_medium=referral&utm_campaign=directory
Full Fat ,http://wearefullfat.com/
Primary Access & Research ,https://www.primaryaccess.co.uk/
Catalyst ,https://www.wearecatalyst.co.uk/?utm_source=clutch.co&utm_medium=referral
Juice Tactics ,https://www.juicetactics.com/
Levene Consulting ,http://www.leveneconsulting.co.uk
Agile Research ,https://agileresearch.co.uk/#top
Digitalgenies ,https://digitalgenies.co.uk/
AIM Internet ,https://www.aiminternet.co.uk/
Jump Data ,https://jumpdata.co.uk
Metheus Consultancy Ltd ,https://www.metheus.co/
Social Chameleon ,https://socialchameleon.co.uk/
Rich Contacts ,http://www.richcontacts.com
Savage ,https://verysavage.com
The Brand Strategy ,http://www.thebrandstrategy.co.uk
StreetPR UK Limited ,https://www.streetpr.co.uk/
Root K ,http://rootkcopywriting.com
StrikeNorth ,https://www.strikenorth.com
Sophie Jones Social ,https://www.sophiejonessocial.com
Savanta ,https://savanta.com
IHS Markit ,https://ihsmarkit.com/index.html
FlexMR ,https://www.flexmr.net
Opinium ,https://www.opinium.co.uk/
Mintel ,http://www.mintel.com/
Euromonitor International ,https://www.euromonitor.com/
"GlobalData, PLC ",http://www.globaldata.com
Morris Hargreaves McIntyre ,https://mhminsight.com/
Accent MR ,https://www.accent-mr.com/
DJS Research Ltd ,https://www.djsresearch.co.uk/
Populus ,https://www.populus.co.uk/
ICM Unlimited ,https://www.icmunlimited.com/
Fathom Financial Consulting ,https://www.fathom-consulting.com/
BMG Research ,https://www.bmgresearch.co.uk/
BeMyEye ,https://www.bemyeye.com/
Essay Help Zone ,https://essayhelpzone.co.uk/
Beaufort Research Limited ,http://www.beaufortresearch.co.uk/
OPINION RESEARCH SERVICES LIMITED ,https://www.ors.org.uk/
Northstar Research Partners ,https://www.northstarhub.com/
Research Partnership ,http://www.researchpartnership.com/
2CV Research ,https://www.2cv.com/
Flamingo ,https://flamingogroup.com/
Kantar TNS ,https://www.tnsglobal.co.uk/
RONIN International ,https://www.ronin.com/
IFF Research ,http://www.iffresearch.com/
Cicero Group ,https://cicero-group.com/
Bryter ,https://www.bryter-uk.com/
Research by Design ,http://www.researchbydesign.co.uk/
Plus Four Market Research Limited ,https://www.plus4.co.uk/
Atomik Research ,http://www.atomikresearch.co.uk/
Join the Dots ,https://www.jointhedotsmr.com/
Cello Health Insight ,https://cellohealthinsight.com/
Mustard ,https://www.mustard-research.com/
Jigsaw Research ,http://jigsaw-research.co.uk/
Qa Research ,https://www.qaresearch.co.uk/
Incite ,https://www.incite.ws/
Network Research ,https://www.networkresearch.co.uk/
Sparkler ,https://www.sparkler.co.uk/
Critical Research ,http://www.critical.co.uk/
Perspective Research Services ,https://perspectivemr.co.uk/
Watermelon Research ,http://www.watermelonresearch.com
Marsoft Inc. ,http://marsoft.com
WatchMyCompetitor ,http://www.watchmycompetitor.com
Ragdoll Research ,http://ragdoll-research.com/
Indiefield Ltd ,https://indiefield.co.uk/
Progressive ,http://www.progressivepartnership.co.uk/
Roots Research ,https://rootsresearch.co.uk/
Explain Market Research ,https://www.explainresearch.co.uk/
ABA Research ,https://www.abaresearch.co.uk/
Walnut Unlimited ,https://www.walnutunlimited.com/
Acumen Fieldwork ,https://www.acumenfieldwork.com/
Swift Research Ltd ,http://www.swift-research.co.uk/
QRS Market Research Ltd ,http://www.qrs-research.co.uk/
Relish Research ,http://www.relishresearch.com/index.php
Karian and Box ,http://www.karianandbox.com/
BVA BDRC ,https://www.bva-bdrc.com/
Research Opinions ,https://www.researchopinions.co.uk/
Gusto Research ,https://www.gustoresearch.com/
Face Facts Research ,https://www.facefactsresearch.com/
Clusters ,https://clusters.uk.com/
Sensory Dimensions ,http://www.sensorydimensions.com/
Criteria Fieldwork ,https://www.criteria.co.uk/
HPS MM-EYE ,https://www.mm-eye.com/
Redblue Research ,http://www.redblue.co.uk/
WDG Research LLP ,https://wdgresearch.co.uk/
Serrula Research Ltd ,https://serrula-research.com/
Alba Science Ltd ,http://www.albascience.com/
PCP Market Research ,http://www.pcpmarketresearch.com
Brandscapes Worldwide ,https://brandscapesworldwide.com/
Latimer Appleby ,https://latimerappleby.com
BUMP ,https://bump.agency/
Taylor McKenzie Research & Marketing Ltd ,https://www.taylormckenzie.co.uk/
Strategic Research and Insight Ltd ,http://www.strategic-research.co.uk/
Made in Studios ,https://www.madeinstudios.com/
One MS ,http://one-ms.com/
Voluntas ,http://www.voluntas.co.uk/
Aurora Market Research ,http://auroramr.com/
Blue Yonder Research ,http://blueyonder.agency/
The Pineapple Lounge ,http://thepineapplelounge.com/
The Big Picture ,http://thebigpicture.agency/
FeedBack Market Research ,http://www.feedbackmarketresearch.co.uk/#
Adelphi Research Global ,https://www.adelphiresearchuk.co.uk/
Beehive Research Limited ,https://beehiveresearch.co.uk/
Lake Market Research ,https://www.lake-research.com/
Purple Market Research ,http://purplemr.co.uk/
PPL Insights ,http://pplinsights.com/
Market Measures ,http://www.marketmeasures.co.uk/
Osiris MR Limited ,http://www.osirismr.co.uk/
Red Brick Research ,https://www.redbrickresearch.com/
FieldworkHub Ltd ,https://www.fieldworkhub.com?utm_source=clutch
Jag Market Research ,http://www.jagmr.com/
Basis ,https://www.basisresearch.com/
MEL Research ,https://melresearch.co.uk/
The Mix London ,http://themixlondon.com/
Hook Research ,https://www.hookresearch.co.uk/
Quest Research Solutions ,http://www.quest-research-solutions.co.uk/
Zappi ,https://www.zappi.io/
Cheshire Data Services ,http://www.cheshiredataservices.co.uk
Hall & Partners ,https://www.hallandpartners.com/
Rise Research ,https://www.riseresearch.co.uk/
2insights Research Ltd ,https://www.2insights.com
Spark Emotions ,https://sparkemotions.com/
Ten Bear Group ,http://www.tenbeargroup.com
USP House ,http://www.usphouse.com/
Qualifa ,http://www.qualifa.co.uk/
S D enterprises ,https://salesdivision.co
SustainAbility ,http://sustainability.com/
Qutee ,https://www.qutee.com/
LoyaltyLion ,https://loyaltylion.com/
Ingenium IDS ,http://www.ingenium-ids.org/#welcome
Blueberry Marketing Solutions ,http://www.blueberryms.co.uk/
LivingLens Ltd ,https://livinglens.tv/
Platypus Research ,http://platypusresearch.com/
Zing Insights Ltd ,http://www.zinginsights.com/
System1 Research ,https://www.system1group.com/
England Marketing ,https://www.englandmarketing.co.uk/
HX Lab ,http://www.hxla.co.uk
Brandspeak ,https://www.brandspoeak.co.uk
Intelligence Market Report ,https://www.intelligencemarketreport.com/
Waveform Insight ,https://waveforminsight.com/
Future Thinking ,https://futurethinking.com/
MMR Research Worldwide ,https://www.mmr-research.com/
So-Creative ,https://so-creative.co.uk/
Trinity McQueen ,https://www.trinitymcqueen.com/
Linney ,http://www.linney.com/
MAT Studios ,https://matstudios.io
Communisis ,http://www.ingeniousrapport.com
Introbiz ,https://www.introbiz.co.uk/
Hub of China ,http://www.hubofchina.com
Aardvark Marketing Consultants ,http://www.aardvarkmarketingconsultants.co.uk/
Maru/Usurv ,https://www.usurv.com/
Spinach Ltd ,https://spinach.co.uk/
ZAK ,http://www.zakagency.com/
Fulcrum Direct Limited ,http://www.fulcrumdirect.co.uk/
Robust Insight ,http://www.robust-insight.co.uk/
Edge by Ascential ,https://www.ascentialedge.com/
DRG ,https://www.drg.global/
Razor Research ,http://www.razorresearch.co.uk/
Some Design Ltd ,https://www.somedesign.co.uk/
Releven ,https://releven.io
GfK ,https://www.gfk.com/en-gb/
Cogora ,http://www.cogora.com/
Forward3D ,http://www.forward3d.com/
Boxclever ,http://www.boxcleverconsulting.com
Quadrangle ,https://www.quadrangle.com/
ClearView Research Ltd ,https://www.clearviewresearch.co.uk/
Kalinax ,http://www.kalinax.com/?utm_source=clutch.co&utm_medium=referral
Hyperstarter ,https://www.hyperstarter.com/
The Conservatory ,http://www.theconservatorystudio.com/
Strawberry Box Media ,https://www.strawberryboxmedia.com
Blue Tick Pro UK - Instagram Verification Service ,https://bluetickpro.co.uk/
FreshMinds ,http://www.freshminds.net/
The Frameworks ,https://www.theframeworks.com/
Attest ,https://www.askattest.com/
CognitionX ,https://cognitionx.com/
NERDS Collective ,https://www.nerdscollective.com
Data HQ ,https://datahq.co.uk/
Morar HPI ,https://www.morarhpi.com/
Amvoc Ltd ,https://www.amvoc.co.uk
Momentum ABM ,https://wearemomentum.com/
Blue Donkey Ltd ,https://www.bluedonkey.co.uk/
Fundamental Media ,http://www.fundamentalmedia.com/
Econsultancy ,https://econsultancy.com/
Pauley Creative ,http://www.pauleycreative.co.uk/
Imagen insights ,http://www.imageninsights.com
eskimosoup ,http://eskimosoup.co.uk
Curtis Associates Research Ltd ,https://www.curtis-associates.co.uk/
Accuvista Ltd ,https://www.accuvista.co.uk/
SmartLead Direct ,http://smartleadmarketing.co.uk/
James Law Research Associates ,http://www.jlral.co.uk
Copernicus Consulting ,https://www.copernicus-consulting.com/
Ocean Outdoor ,https://oceanoutdoor.com/
BEHIND LOGIN ,https://www.behindlogin.com
Space Doctors ,https://space-doctors.com/
Fluid Branding ,https://www.fluidbranding.com/
Pegasus ,http://www.thisispegasus.co.uk/
Vandu Language Services ,https://www.vlslanguages.com/
Onswitch Ltd ,https://www.onswitch.co.uk/
Intellegentia ,https://www.intellegentia.co.uk/
The Oracle Group ,https://www.theoraclegroup.co.uk/
Ember Group ,http://embergroup.co.uk
Storm Communications ,http://stormcom.co.uk/
Social Growth ,https://wearesocialgrowth.org/
Dark Red Design ,https://www.darkreddesign.com/
Reexia Ltd ,https://reexia.co.uk/
The UX Agency ,https://theuxagency.co.uk/
Visuality ,https://visuality.co.uk
LMC ,https://www.lizmale.co.uk/
brookscomm ,https://brookscomm.com/
Hugo & Cat ,http://www.hugoandcat.com/
Opticomm Media ,https://opticomm.co.uk/
Rubicon Marketing Ltd ,http://www.rubiconmarketing.net/
Habit5 ,https://habit5.co.uk/
FK3 ,http://www.fk3.co.uk/#4
Brand Genetics ,http://brandgenetics.com/
Happy Creative ,http://happy-creative.co.uk/
ekosgen ,https://www.ekosgen.co.uk/
Health iQ ,http://www.healthiq.co.uk/
Keane Brands ,http://www.keanebrands.com/
Distract ,https://distract.co.uk/
BBSA Marketing ,https://bbsa-marketing.com/
Digital Marketing Agency UK ,http://www.digitalmarketingagencyuk.co.uk/
Prowse & Co Ltd ,https://www.prowse.co.uk/
YourStudio ,http://weareyourstudio.com/
COUCH Medical Communications ,http://www.wearecouch.com
Carousel Marketing ,https://carouselmarketing.com/
Cavendish Wood ,https://www.cavendishwood.com/
Clear M&C Saatchi ,https://www.clearstrategy.com
MKTG Consulting ,https://www.mktg-consulting.com/
Cazbah ,http://www.cazbah.biz/
Capital City Media Ltd ,http://www.capitalcitymedia.co.uk/
Shrewd PR ,https://www.shrewdpr.co.uk/
ScrapeIN' ,https://scrapein.app/
GrowTraffic ,https://www.growtraffic.co.uk
LIFE Agency ,https://www.lifeagency.co.uk/
Media Minds Global Ltd ,http://www.mediamindsglobal.com/
Fleet Street Communications ,http://www.fsc.uk.com/
Xsem ,https://www.xsem.co.uk/
SSCG Consulting ,https://sscg-group.com/
Insight Track Ltd ,https://www.insighttrack.co.uk/
City Road Communications PR Agency ,http://www.wearecityroad.com
Principles Media ,http://www.principlesmedia.co.uk/
Smart Business Consulting Solutions Ltd. ,http://www.investinyourbusiness.co.uk/
Origin Communications ,https://origincomms.com/
XYZ Communications ,https://www.xyzcomms.com/
Everything is User Experience ,https://www.everythingisuserexperience.com
TBI Communications ,http://tbicommunications.com/
UXB London ,https://www.uxblondon.com/
Resonates ,https://www.resonates.com/
Daydream Creative ,https://daydreamdesigns.co.uk/
Shelton Associates ,https://www.sheltonassociates.co.uk/contact/
CoLab Media Consulting ,https://www.colab-consulting.com
The Observer Effect ,https://observereffect.io/
Free Range Web ,https://www.freerangeweb.co.uk/
Fill the Gap Marketing Ltd ,http://fillthegapmarketing.co.uk/
Alexander Advertising Int. Ltd ,http://www.alexander-advertising.co.uk
Disruptive Innovation ,http://www.disruptive-innovation.co.uk
Make Happy ,https://www.makehappy.co.uk/
Urban Foundry ,https://www.urbanfoundry.co.uk/
Blueleaf ,http://www.blue-leaf.co.uk/#home
Brand Refinery ,http://www.brandrefinery.co.uk/
CFM Group ,http://cfmgroup.co.uk/
Stepping Stones Marketing Solutions ,http://www.steppingstonesmarketing.co.uk/marketing-services/market-research/
Privilege Promotions ,http://www.privilegepromotions.co.uk
Evergreen Reputation ,http://evergreenreputation.com/
Kingpin Communications ,http://kingpincomms.com/
Momentum Partnership Marketing Limited ,https://www.momentumpartnership.com/
Fresh Flow Direct Marketing ,https://www.fresh-flow.co.uk/
7TH Design & Invention ,http://www.7th-london.com/
Mate and Mate ,http://mateandmate.com/
Good Public Relations Ltd ,https://good-pr.co.uk/
Famous Publicity ,http://www.famouspublicity.com/
The Forge Communications Ltd ,https://theforgecommunications.com/
impact! ,https://www.impact-now.co.uk/
Polysthetica Ltd ,http://www.polyshetica.com
Integrum Media ,http://www.integrummedia.co.uk
Keko London ,https://www.keko.london/
Alchemy Interactive Limited ,http://www.alchemyinteractive.co.uk
RPM ,http://www.rpmltd.com/
Sabotage Design Ltd ,https://sabotage.london/
4Marketing ,https://4marketing.co.uk/
Realise Product Design ,https://www.realisedesign.co.uk/
Dog Digital ,http://www.dogdigital.com/
Clearsilver Brand Marketing Ltd. ,https://www.clearsilver.co.uk/
Verve Marketing London Ltd ,http://www.vervelondon.co.uk/
Fingers in Pies ,http://www.fingersinpies.com/
Ross Business Consulting ,http://rbcuk.co.uk/
Green Triangle Ltd ,https://greentriangle.biz/
Connect Group ,https://www.connect-group.com/
Bite Communications ,http://www.biteglobal.com/
The Goat Agency ,https://goatagency.com/
The Bespoke Group ,https://www.bespoke.co.uk/welcome/
Article Writing Services Uk ,https://www.articlewritingservices.co.uk/ebook-writing
Branch Growth ,https://www.branchgrowth.com/
Kemosabe ,http://wearekemosabe.com/
Bright Blue Day ,https://www.brightblueday.com/
Siliconix Media ,https://siliconixmedia.com/
LiquidLight ,https://www.liquidlight.co.uk/
Access ,https://www.weareaccess.co.uk/
dotcentric ,http://www.dotcentric.co.uk/
Underscore ,http://www.underscore.co.uk/
Diva Creative ,http://www.divacreative.com/
Jargon PR ,http://jargonpr.com/wp/
UK Business Advisors Limited ,https://ukba.co.uk/
A D Communications ,https://adcomms.co.uk/
Blue Bee Solutions ,https://bluebeesolutions.co.uk/
McOnie ,https://mconieagency.com/
AMD Web Design ,https://www.amdwebdesign.com/
Gerard Kelly & Partners ,https://gkandpartners.com/
CATI call center ,http://www.caticallcenter.com/en
Stallion Digital Marketing Agency ,https://stallionecom.co.uk/
Barley House Group ,http://www.barleyhousegroup.co.uk
Bellman Media ,http://www.bellman.co.uk/home/
JTF Marketing ,https://www.jtfmarketing.co
Levy McCallum ,https://levymccallum.co.uk/
Good. Brand Consultants. ,https://www.wearegood.com/
Mantra Media ,https://mantrahq.com/
InTouch Marketing ,http://www.intouchmarketing.co.uk/
Only ,https://onlystudio.co.uk/
Building Relations PR ,http://building-relations.co.uk/
Drop Consultancy ,https://dropconsult.com
Cream Consultancy Ltd ,http://creamconsultancy.co.uk/
AlignandPull Limited ,http://www.alignandpull.com/
Tonic Agency Ltd ,https://tonic-agency.com/
Media House International ,https://mediahouseinternational.com/
E2E Studios ltd ,http://e2estudios.com
Visix ,http://www.visix.co.uk/
SCS Marketing & PR ,https://scsmarketingandpr.co.uk/
Dealers league ,https://dealersleague.com
Enlybee ,https://enlybee.com
Radius Global Market Research ,https://radius-global.com
Webbgenie ,https://webbgenie.com/
Abubble ,https://abubble.co/
Happy Giraffe Limited ,http://happy-giraffe.com/
Just: PR & Marketing ,http://www.justprm.co.uk/
Insightful UX ,https://www.insightfulux.co.uk/
Twelve PR ,http://www.twelvepr.co.uk
Business Ahead ,https://businessahead.co.uk/
Opera PR & Communications ,https://operapr.com/
Phiness PR Ltd. ,http://www.phinesspr.co.uk/
Advertyzed UK ,https://www.advertyzed.co.uk/
Loop Public Relations ,https://www.prbyloop.com/
Fortune Media ,http://fortune-media.co.uk
GSPR Environmental ,http://www.gspr.co.uk/
The Loyalty People ,http://Www.theloyaltypeople.co.uk
Story Comms ,https://www.wearestorycomms.com/
Manchester Business Consultancy ,https://www.manchesterbusinessconsultancy.co.uk
Funnel Boost Ltd ,https://www.funnelboost.co.uk
DataLemon ,https://www.datalemon.co.uk/
SeedLever ,https://seedlever.com
YJCollective ,http://yjcollective.com/
Route to Market Consulting Ltd ,https://route-to-market.co.uk/
BuzzBack ,https://buzzback.com/
Nimble Jack ,http://www.nimblejack.co.uk/
Witch Creative ,http://www.witchcreative.com/
Absolutely Spiffing ,https://www.spiffingdesigns.co.uk/
Devise Marketing ,https://devise.marketing/
NE Space ,https://www.nespace.co.uk/
Mission Three60 ,https://www.missionthree60.co.uk
PRS IN VIVO GROUP ,https://www.prs-invivo-group.com/
Brevity Marketing ,http://www.brevity.marketing/
Sugar Beet ,http://wearesugarbeet.com
Infiniti Research Ltd. ,https://www.infinitiresearch.com/
Blake Stevenson ,http://www.blakestevensonresearch.co.uk/
Scotinform Ltd ,http://www.scotinform.co.uk/
Social Market Research ,http://www.socialmarketresearch.co.uk/
Perceptive insight ,http://www.perceptiveinsight.co.uk/
Research Helper ,https://www.research-helper.co.uk/
Jump Research Ltd ,https://www.jumpresearch.co.uk/
FN Research ,http://www.fnresearch.co.uk/
MRFGR ,https://mrfgr.com/
Why Research Ltd ,http://whyresearch.co.uk/
Allegra Insights ,http://allegrainsights.com/
Clarity Stack Limited ,https://claritystack.com
Logo Ambition ,https://logoambition.com
Lead Monkey ,http://leadmonkey.co/
Knowledge Partnership ,https://www.kpartners.co.uk/
Cogent Research ,http://www.cogentresearch.co.uk/
Future Focus Research Limited ,http://www.futurefocusresearch.co.uk/
Ethnic Opinions Ltd ,http://www.ethnicopinions.com
Strategy Analytics ,http://strategyanalytics.com
Zadar Agency ,https://zadaragency.com/about/
S.D. BROS CONSULTING ,https://sdbrosconsulting.com
Mobius Team Ltd ,https://mobius.team
ZAKZ Marketing ,https://zakzmarketingagency.com
Shopper Intelligence ,http://www.shopperintelligence.co.uk/
GQRR ,https://www.gqrr.com/
Creative Agency Newcastle ,http://www.creative-agency-newcastle.co.uk
Hybrid Media Design ,https://hybridmedia.design
JacBee ,http://www.jacbee.co.uk/
ActionPoint ,http://www.actionpointms.co.uk/
Impact Wolves ,https://impactwolves.com/
Wired Canvas ,https://wiredcanvas.com/
Marketscience ,http://www.marketscienceconsulting.com
ampersand research ,https://www.ampersandresearch.com/
ZJELL ,https://www.zjell.com
Ballantyne Mackay Consultants ,http://www.balmac.co.uk/
Whiteberry ,http://www.whiteberrymarketing.com/
Intellexo ,http://www.intellexo.co.uk/
Dorve UX ,https://dorve.com
Metametrics ,http://metametrics.co.uk
Allianze Infosoft ,https://www.allianzeinfosoft.com/
Trailblazer PR ,http://www.trailblazerpr.com/
Zebra Marketing & Communications Ltd ,https://www.zebra-comms.co.uk/
upwelling ,http://weareupwelling.com/
Eido PR & Marketing ,http://www.ei.do/
MADISONSOHO ,http://www.madisonsoho.com/
Heron Marketing Services ,http://www.heronmarketing.co.uk/
Point Creative ,http://www.point-creative.com/
Create Convo ,http://createconvo.com/
Go Psybernetic ,https://www.go-psybernetic.com/
Radar PR ,https://radarpublicrelations.co.uk/
Fathom ,https://www.fathom.pro/
Axiom Consultancy ,http://axiomconsultancy.co.uk/
Communicate UK Ltd ,https://communicateuk.com/
Pax Studio Ltd ,http://www.pax-studio.com/
Media Safari ,http://mediasafari.co.uk/
Market Edge ,https://mkt-edge.com/
Represent ,http://www.representhq.com
SOCIAL JAGUAR ,http://www.socialjaguar.com
Carrley Business Consulting Ltd ,http://www.carrleybusiness.co.uk/
Angus Carbarns Digital Marketing & Analytics ,https://anguscarbarns.me/
Caffeine Marketing ,https://www.caffeinemarketing.co.uk/
Polymorphic Marketing ,https://www.polymorphicmarketing.co.uk/
Precis Digital ,https://www.precisdigital.com/
Brand Red Dog ,http://brandreddog.co.uk/
Web Method ,https://www.webmethod.co.uk/
Emme Films ,https://www.emmefilms.com
Klaxon ,http://www.klaxonmarketing.co.uk/
Ecom Crux ,https://ecomcrux.com/
Ask Datatech ,http://www.askdatatech.com
Future Filter ,http://www.future-filter.com/
Wallace Marketing ,http://www.wallacemarketing.co.uk
JJ Solutions ,https://www.jj-solutions.com/
Emma Waddingham ,http://www.emmawaddingham.com/
Cloud9i ,https://cloud9i.co.uk
Fresh Lemon ,http://www.freshlemon.co.uk/
Ergo ,http://ergo-id.com/
Online Growth Guru Marketing ,http://www.onlinegrowthguru.com
Oneonone Communications ,http://www.oooc.co.uk/
The Marketing Consultancy ,https://www.the-marketing-consultancy.com/
Streetadverts ,http://www.streetadverts.com
The PR Boutique ,http://www.theprboutique.co.uk/
Influent Ltd. ,http://www.influent.co.uk
Holdsworth PR ,http://holdsworthpr.co.uk/
Atelier Global ,https://atelierglobal.io/
Craig Thompson Design ,http://www.craigthompson.design
Pharmatologists ,http://pharmatologists.co.uk/
Swoop Marketing ,https://swoop-marketing.com
The Project Marketing Company ,http://www.theprojectmarketingcompany.co.uk/
Neontron ,https://neontron.com
Hospitality Guest Experience ,https://www.malaniia.com/
Fogg ,https://fogg.uk.com/
Christopher George ,https://www.christophergeorge.uk.com
Bolt-on Marketing ,https://www.bolt-on-marketing.co.uk
EXTSERVE LTD. ,https://extserve.com/
"Shanghai Brandigo Advertising Co., Ltd. ",http://brandigo.com/
The Sound ,https://thesoundhq.com
Digital Bridge Media Ltd ,https://www.digitalbridge.media
Prozack ,http://www.prozack.co.uk
InQubee ,http://www.inqubee.co.uk
Digikonn ,http://www.digikonn.com/
Flume Digital Marketing Agency ,https://flumedigital.co.uk/
Material ,https://www.materialplus.io/
Brand Institute ,http://www.brandinstitute.com/?utm_source=clutch.co&utm_medium=referral&utm_campaign=directory
SIS International Research ,https://www.sisinternational.com/
TechSci Research LLC ,https://www.techsciresearch.com/
GDCC (Global Data Collection Company) ,https://www.gdcc.com/
Innovision Consulting Private Ltd. ,http://innovision-bd.com/
Brierley ,https://www.brierley.com/
GDCC (Global Data Collection Company) ,http://www.gdcc.com/
Forrester ,http://www.forrester.com/
