name,website,url
CatalystMR,http://www.catalystmr.com,https://marketingresourcedirectory.ama.org/listing/advertising
Dixon|James - Growth Communications to Excelerate Business Success,http://www.dixon-james.com,https://marketingresourcedirectory.ama.org/listing/advertising
Movéo,https://www.moveo.com/,https://marketingresourcedirectory.ama.org/listing/advertising
Williams Whittle,http://www.williamswhittle.com,https://marketingresourcedirectory.ama.org/listing/advertising
Kelly Scott Madison,https://ksmmedia.com/?utm_source=AMA&utm_medium=Listing,https://marketingresourcedirectory.ama.org/listing/advertising
Archer Education,https://www.archeredu.com/,https://marketingresourcedirectory.ama.org/listing/advertising
Ventura Associates International LLC,http://www.sweepspros.com,https://marketingresourcedirectory.ama.org/listing/advertising
EntmtMktg: Group,http://www.propagandagem.com/,https://marketingresourcedirectory.ama.org/listing/advertising
MarketVision Research,http://www.mv-research.com,https://marketingresourcedirectory.ama.org/listing/advertising
Martin Agency,http://www.martinagency.com/,https://marketingresourcedirectory.ama.org/listing/advertising/p:2
"Campbell-Communications, Inc.",http://www.campbell-communications.com,https://marketingresourcedirectory.ama.org/listing/advertising/p:2
Sparks,http://www.sparksonline.com,https://marketingresourcedirectory.ama.org/listing/advertising/p:2
SilverTech,https://www.silvertech.com/,https://marketingresourcedirectory.ama.org/listing/advertising/p:2
Hangar12,https://www.hangar-12.com/#,https://marketingresourcedirectory.ama.org/listing/advertising/p:2
Silvercrest,https://www.silvercrestadvertising.com/?cmo_trali=8810450.58u6q,https://marketingresourcedirectory.ama.org/listing/advertising/p:2
Ace Fieldwork China Co.,http://www.acefw.com/,https://marketingresourcedirectory.ama.org/listing/advertising/p:2
Pattison Outdoor,http://www.pattisonoutdoor.com,https://marketingresourcedirectory.ama.org/listing/advertising/p:2
MarketingProfs,https://www.marketingprofs.com/,https://marketingresourcedirectory.ama.org/listing/marketing-research
The Incentive Group,https://www.incentivegroup.com/,https://marketingresourcedirectory.ama.org/listing/marketing-research
"SpencerHall, Inc.",http://www.spencerhall.com,https://marketingresourcedirectory.ama.org/listing/marketing-research
Vision One Research,http://www.visionone.co.uk,https://marketingresourcedirectory.ama.org/listing/marketing-research
Focus Forward,http://www.focusfwd.com,https://marketingresourcedirectory.ama.org/listing/marketing-research
Material,https://www.materialplus.io/,https://marketingresourcedirectory.ama.org/listing/marketing-research
EurekaFacts LLC,http://www.eurekafacts.com,https://marketingresourcedirectory.ama.org/listing/marketing-research
Perspective Research Services,https://perspectivemr.co.uk/,https://marketingresourcedirectory.ama.org/listing/marketing-research
Decision Point,http://decision-point.net,https://marketingresourcedirectory.ama.org/listing/marketing-research
B2B International,https://www.b2binternational.com/?utm_source=AMA&utm_medium=referral&utm_campaign=AMA%20Marketing%20Resource%20Directory%20Listing,https://marketingresourcedirectory.ama.org/listing/marketing-research
"Karchner Marketing Research, LLC",http://kmrinsights.com,https://marketingresourcedirectory.ama.org/listing/marketing-research/p:2
Ascribe,https://goascribe.com/?utm_source=AMA&utm_medium=Directory+,https://marketingresourcedirectory.ama.org/listing/marketing-research/p:2
Adience - a B2B market research agency in New York City,https://www.hello-adience.com,https://marketingresourcedirectory.ama.org/listing/marketing-research/p:2
Complete Research Consultants,http://www.crcmr.com,https://marketingresourcedirectory.ama.org/listing/marketing-research/p:2
OvationMR,https://www.ovationmr.com/,https://marketingresourcedirectory.ama.org/listing/marketing-research/p:2
CatalystMR,http://www.catalystmr.com,https://marketingresourcedirectory.ama.org/listing/marketing-research/p:2
Borderless Access,http://www.borderlessaccess.com,https://marketingresourcedirectory.ama.org/listing/marketing-research/p:2
Rebranding Experts,http://www.rebrandingexperts.com/,https://marketingresourcedirectory.ama.org/listing/marketing-research/p:2
"KL Communications, Inc.",http://www.klcommunications.com,https://marketingresourcedirectory.ama.org/listing/marketing-research/p:2
Harrison Insights,http://www.harrisoninsights.com/,https://marketingresourcedirectory.ama.org/listing/marketing-research/p:2
Fountainhead Brand Strategy,http://fountainheadstrategy.com/,https://marketingresourcedirectory.ama.org/listing/marketing-research/p:3
MarkestCast,https://marketcast.com/,https://marketingresourcedirectory.ama.org/listing/marketing-research/p:3
"Customer Lifecycle, LLC",http://www.customerlifecycle.us,https://marketingresourcedirectory.ama.org/listing/marketing-research/p:3
"Pinnacle Research Group, LLC",http://www.pinnacleresearchgroup.com,https://marketingresourcedirectory.ama.org/listing/marketing-research/p:3
Escalent,http://www.escalent.co/,https://marketingresourcedirectory.ama.org/listing/marketing-research/p:3
KMR Research Studio,https://www.kmrresearchstudio.com/,https://marketingresourcedirectory.ama.org/listing/marketing-research/p:3
"Olson Research Group, Inc.",http://www.olsonresearchgroup.com/about-us/,https://marketingresourcedirectory.ama.org/listing/marketing-research/p:3
"A Point of View Research, Inc.",http://www.apointofviewresearch.com,https://marketingresourcedirectory.ama.org/listing/marketing-research/p:3
"Kelton, a Material Company",http://www.keltonglobal.com,https://marketingresourcedirectory.ama.org/listing/marketing-research/p:3
Q-Insights,http://www.Q-insights.com,https://marketingresourcedirectory.ama.org/listing/marketing-research/p:3
NAXION,http://www.naxionthinking.com,https://marketingresourcedirectory.ama.org/listing/marketing-research/p:4
Fieldwork Inc,http://www.fieldwork.com,https://marketingresourcedirectory.ama.org/listing/marketing-research/p:4
Lighthouse Research,http://www.go-lighthouse.com,https://marketingresourcedirectory.ama.org/listing/marketing-research/p:4
"Maryland Marketing Source, Inc.",https://mdmarketingsource.com/,https://marketingresourcedirectory.ama.org/listing/marketing-research/p:4
"ClearView Research, Inc.",http://www.clearviewresearch.com,https://marketingresourcedirectory.ama.org/listing/marketing-research/p:4
Atkins Research Global,http://www.atkinsresearch.com,https://marketingresourcedirectory.ama.org/listing/marketing-research/p:4
"Applied Marketing Science, Inc.",http://www.ams-insights.com/,https://marketingresourcedirectory.ama.org/listing/marketing-research/p:4
Kelly Scott Madison,https://ksmmedia.com/?utm_source=AMA&utm_medium=Listing,https://marketingresourcedirectory.ama.org/listing/marketing-research/p:4
Blackstone Group,http://www.bgglobal.com,https://marketingresourcedirectory.ama.org/listing/marketing-research/p:4
L&amp;E Research,http://www.leresearch.com,https://marketingresourcedirectory.ama.org/listing/marketing-research/p:5
Adler-Weiner Research,https://adlerweiner.com/,https://marketingresourcedirectory.ama.org/listing/marketing-research/p:5
INOVIS,http://inovis.global,https://marketingresourcedirectory.ama.org/listing/marketing-research/p:5
Focus On Boston,http://www.focusonboston.com,https://marketingresourcedirectory.ama.org/listing/marketing-research/p:5
Full Circle Research,http://www.ilovefullcircle.com/,https://marketingresourcedirectory.ama.org/listing/marketing-research/p:5
DataDiggers Market Research,https://tinyurl.com/AMAAssociation,https://marketingresourcedirectory.ama.org/listing/marketing-research/p:5
"MAXimum Research, Inc.",http://www.maximumresearch.com,https://marketingresourcedirectory.ama.org/listing/marketing-research/p:5
"Bauman Research &amp; Consulting, LLC",http://www.baumanresearch.com,https://marketingresourcedirectory.ama.org/listing/marketing-research/p:5
"M/A/R/C® Research, LLC",https://www.marcresearch.com/,https://marketingresourcedirectory.ama.org/listing/marketing-research/p:5
Curion,https://curioninsights.com/,https://marketingresourcedirectory.ama.org/listing/marketing-research/p:6
ASV,https://hubs.ly/Q018BhPX0,https://marketingresourcedirectory.ama.org/listing/marketing-research/p:6
TRC Market Research,http://www.trchome.com,https://marketingresourcedirectory.ama.org/listing/marketing-research/p:6
DataPrompt International,http://www.datapromptintl.com,https://marketingresourcedirectory.ama.org/listing/marketing-research/p:6
Civicom Marketing Research Services,https://www.civicommrs.com/,https://marketingresourcedirectory.ama.org/listing/marketing-research/p:6
"Decision Analyst, Inc.",http://www.decisionanalyst.com,https://marketingresourcedirectory.ama.org/listing/marketing-research/p:6
Targoz Market Research,http://www.targoz.com,https://marketingresourcedirectory.ama.org/listing/marketing-research/p:6
Symmetric,https://www.symmetricsampling.com/,https://marketingresourcedirectory.ama.org/listing/marketing-research/p:6
CodingExperts,http://www.codingexperts.net,https://marketingresourcedirectory.ama.org/listing/marketing-research/p:6
MarketVision Research,http://www.mv-research.com,https://marketingresourcedirectory.ama.org/listing/marketing-research/p:7
OMI EASTERN EUROPE LTD,http://www.omirussia.ru/en/,https://marketingresourcedirectory.ama.org/listing/marketing-research/p:7
Rabin Research Company,http://www.rabinresearch.com,https://marketingresourcedirectory.ama.org/listing/marketing-research/p:7
Henne Group,http://www.thehennegroup.com,https://marketingresourcedirectory.ama.org/listing/marketing-research/p:7
SilverTech,https://www.silvertech.com/,https://marketingresourcedirectory.ama.org/listing/marketing-research/p:7
A Lighthouse Research Downtown Focus Center,http://www.go-lighthouse.com/,https://marketingresourcedirectory.ama.org/listing/marketing-research/p:7
Telepoll Market Research,https://www.Telepoll.net,https://marketingresourcedirectory.ama.org/listing/marketing-research/p:7
Sawtooth Software,https://sawtoothsoftware.com/,https://marketingresourcedirectory.ama.org/listing/marketing-research/p:7
Market Probe International,http://www.marketprobeint.com,https://marketingresourcedirectory.ama.org/listing/marketing-research/p:7
La Maison du Test,http://www.lamaisondutest.com,https://marketingresourcedirectory.ama.org/listing/marketing-research/p:8
"Fletcher Knight, Inc.",https://fletcherknight.com/,https://marketingresourcedirectory.ama.org/listing/marketing-research/p:8
Hangar12,https://www.hangar-12.com/#,https://marketingresourcedirectory.ama.org/listing/marketing-research/p:8
Discovery Research Canada,http://www.discoveryresearch.ca,https://marketingresourcedirectory.ama.org/listing/marketing-research/p:8
IntelliSurvey,http://www.intellisurvey.com,https://marketingresourcedirectory.ama.org/listing/marketing-research/p:8
Facts N Figures,http://www.factsnfiguresinc.com/,https://marketingresourcedirectory.ama.org/listing/marketing-research/p:8
Advanis,http://www.advanis.ca,https://marketingresourcedirectory.ama.org/listing/marketing-research/p:8
FUEL - Focus Room,http://www.fuelyourworld.com,https://marketingresourcedirectory.ama.org/listing/marketing-research/p:8
Ask Miami,http://www.askmiami.com,https://marketingresourcedirectory.ama.org/listing/marketing-research/p:8
Line of Sight Group,http://www.lineofsightgroup.com,https://marketingresourcedirectory.ama.org/listing/marketing-research/p:8
Ace Fieldwork China Co.,http://www.acefw.com/,https://marketingresourcedirectory.ama.org/listing/marketing-research/p:9
Vault Consulting,http://vaultconsulting.com/primary-market-research/,https://marketingresourcedirectory.ama.org/listing/marketing-research/p:9
ClearView Research-Orlando,http://www.clearviewresearch.com,https://marketingresourcedirectory.ama.org/listing/marketing-research/p:9
"Gongos, Inc.",http://www.gongos.com/,https://marketingresourcedirectory.ama.org/listing/marketing-research/p:9
End to End User Research,https://www.endtoenduserresearch.com/,https://marketingresourcedirectory.ama.org/listing/marketing-research/p:9
EDGE Marketing,http://welcometoedge.com/,https://marketingresourcedirectory.ama.org/listing/marketing-research/p:9
SKIM,http://www.skimgroup.com,https://marketingresourcedirectory.ama.org/listing/marketing-research/p:9
MarketingProfs,https://www.marketingprofs.com/,https://marketingresourcedirectory.ama.org/listing/marketing-strategy
The Incentive Group,https://www.incentivegroup.com/,https://marketingresourcedirectory.ama.org/listing/marketing-strategy
"SpencerHall, Inc.",http://www.spencerhall.com,https://marketingresourcedirectory.ama.org/listing/marketing-strategy
Vision One Research,http://www.visionone.co.uk,https://marketingresourcedirectory.ama.org/listing/marketing-strategy
Material,https://www.materialplus.io/,https://marketingresourcedirectory.ama.org/listing/marketing-strategy
Decision Point,http://decision-point.net,https://marketingresourcedirectory.ama.org/listing/marketing-strategy
B2B International,https://www.b2binternational.com/?utm_source=AMA&utm_medium=referral&utm_campaign=AMA%20Marketing%20Resource%20Directory%20Listing,https://marketingresourcedirectory.ama.org/listing/marketing-strategy
"Karchner Marketing Research, LLC",http://kmrinsights.com,https://marketingresourcedirectory.ama.org/listing/marketing-strategy
Adience - a B2B market research agency in New York City,https://www.hello-adience.com,https://marketingresourcedirectory.ama.org/listing/marketing-strategy
"Company Folders, Inc.",https://www.companyfolders.com,https://marketingresourcedirectory.ama.org/listing/marketing-strategy
FGPG,https://freddiegeorges.com/,https://marketingresourcedirectory.ama.org/listing/marketing-strategy/p:2
Rebranding Experts,http://www.rebrandingexperts.com/,https://marketingresourcedirectory.ama.org/listing/marketing-strategy/p:2
"KL Communications, Inc.",http://www.klcommunications.com,https://marketingresourcedirectory.ama.org/listing/marketing-strategy/p:2
Fountainhead Brand Strategy,http://fountainheadstrategy.com/,https://marketingresourcedirectory.ama.org/listing/marketing-strategy/p:2
MarkestCast,https://marketcast.com/,https://marketingresourcedirectory.ama.org/listing/marketing-strategy/p:2
NeigerDesign,http://www.neigerdesign.com/,https://marketingresourcedirectory.ama.org/listing/marketing-strategy/p:2
US Sweepstakes &amp; Fulfillment Company,http://www.ussweeps.com,https://marketingresourcedirectory.ama.org/listing/marketing-strategy/p:2
Escalent,http://www.escalent.co/,https://marketingresourcedirectory.ama.org/listing/marketing-strategy/p:2
"Kelton, a Material Company",http://www.keltonglobal.com,https://marketingresourcedirectory.ama.org/listing/marketing-strategy/p:2
SueYoungMedia.com,https://www.sueyoungmedia.com/,https://marketingresourcedirectory.ama.org/listing/marketing-strategy/p:2
Dixon|James - Growth Communications to Excelerate Business Success,http://www.dixon-james.com,https://marketingresourcedirectory.ama.org/listing/marketing-strategy/p:3
"NameQuest, Inc.|The Science of Verbal Branding",http://www.NameQuest.com,https://marketingresourcedirectory.ama.org/listing/marketing-strategy/p:3
"Applied Marketing Science, Inc.",http://www.ams-insights.com/,https://marketingresourcedirectory.ama.org/listing/marketing-strategy/p:3
Kelly Scott Madison,https://ksmmedia.com/?utm_source=AMA&utm_medium=Listing,https://marketingresourcedirectory.ama.org/listing/marketing-strategy/p:3
Blackstone Group,http://www.bgglobal.com,https://marketingresourcedirectory.ama.org/listing/marketing-strategy/p:3
INOVIS,http://inovis.global,https://marketingresourcedirectory.ama.org/listing/marketing-strategy/p:3
"Bauman Research &amp; Consulting, LLC",http://www.baumanresearch.com,https://marketingresourcedirectory.ama.org/listing/marketing-strategy/p:3
"M/A/R/C® Research, LLC",https://www.marcresearch.com/,https://marketingresourcedirectory.ama.org/listing/marketing-strategy/p:3
Curion,https://curioninsights.com/,https://marketingresourcedirectory.ama.org/listing/marketing-strategy/p:3
ASV,https://hubs.ly/Q018BhPX0,https://marketingresourcedirectory.ama.org/listing/marketing-strategy/p:3
TRC Market Research,http://www.trchome.com,https://marketingresourcedirectory.ama.org/listing/marketing-strategy/p:4
Ventura Associates International LLC,http://www.sweepspros.com,https://marketingresourcedirectory.ama.org/listing/marketing-strategy/p:4
Targoz Market Research,http://www.targoz.com,https://marketingresourcedirectory.ama.org/listing/marketing-strategy/p:4
EntmtMktg: Group,http://www.propagandagem.com/,https://marketingresourcedirectory.ama.org/listing/marketing-strategy/p:4
MarketVision Research,http://www.mv-research.com,https://marketingresourcedirectory.ama.org/listing/marketing-strategy/p:4
Rabin Research Company,http://www.rabinresearch.com,https://marketingresourcedirectory.ama.org/listing/marketing-strategy/p:4
SilverTech,https://www.silvertech.com/,https://marketingresourcedirectory.ama.org/listing/marketing-strategy/p:4
Telepoll Market Research,https://www.Telepoll.net,https://marketingresourcedirectory.ama.org/listing/marketing-strategy/p:4
Jack Morton,http://www.jackmorton.com,https://marketingresourcedirectory.ama.org/listing/marketing-strategy/p:4
Hangar12,https://www.hangar-12.com/#,https://marketingresourcedirectory.ama.org/listing/marketing-strategy/p:4
Ask Miami,http://www.askmiami.com,https://marketingresourcedirectory.ama.org/listing/marketing-strategy/p:5
Line of Sight Group,http://www.lineofsightgroup.com,https://marketingresourcedirectory.ama.org/listing/marketing-strategy/p:5
Silvercrest,https://www.silvercrestadvertising.com/?cmo_trali=8810450.58u6q,https://marketingresourcedirectory.ama.org/listing/marketing-strategy/p:5
Ace Fieldwork China Co.,http://www.acefw.com/,https://marketingresourcedirectory.ama.org/listing/marketing-strategy/p:5
Vault Consulting,http://vaultconsulting.com/primary-market-research/,https://marketingresourcedirectory.ama.org/listing/marketing-strategy/p:5
"Gongos, Inc.",http://www.gongos.com/,https://marketingresourcedirectory.ama.org/listing/marketing-strategy/p:5
Ramius - Recollective,https://www.recollective.com/?utm_medium=Listing&utm_source=AMA,https://marketingresourcedirectory.ama.org/listing/marketing-strategy/p:5
Material,https://www.materialplus.io/,https://marketingresourcedirectory.ama.org/listing/marketing-technology
Ascribe,https://goascribe.com/?utm_source=AMA&utm_medium=Directory+,https://marketingresourcedirectory.ama.org/listing/marketing-technology
Borderless Access,http://www.borderlessaccess.com,https://marketingresourcedirectory.ama.org/listing/marketing-technology
FGPG,https://freddiegeorges.com/,https://marketingresourcedirectory.ama.org/listing/marketing-technology
US Sweepstakes &amp; Fulfillment Company,http://www.ussweeps.com,https://marketingresourcedirectory.ama.org/listing/marketing-technology
"Olson Research Group, Inc.",http://www.olsonresearchgroup.com/about-us/,https://marketingresourcedirectory.ama.org/listing/marketing-technology
Siteimprove,https://siteimprove.com/,https://marketingresourcedirectory.ama.org/listing/marketing-technology
"Maryland Marketing Source, Inc.",https://mdmarketingsource.com/,https://marketingresourcedirectory.ama.org/listing/marketing-technology
LRW- A Material Company,http://www.LRWonline.com,https://marketingresourcedirectory.ama.org/listing/marketing-technology
Civicom Marketing Research Services,https://www.civicommrs.com/,https://marketingresourcedirectory.ama.org/listing/marketing-technology
Impact XM,https://impact-xm.com/,https://marketingresourcedirectory.ama.org/listing/marketing-technology/p:2
SilverTech,https://www.silvertech.com/,https://marketingresourcedirectory.ama.org/listing/marketing-technology/p:2
Jack Morton,http://www.jackmorton.com,https://marketingresourcedirectory.ama.org/listing/marketing-technology/p:2
Sawtooth Software,https://sawtoothsoftware.com/,https://marketingresourcedirectory.ama.org/listing/marketing-technology/p:2
Advanis,http://www.advanis.ca,https://marketingresourcedirectory.ama.org/listing/marketing-technology/p:2
Line of Sight Group,http://www.lineofsightgroup.com,https://marketingresourcedirectory.ama.org/listing/marketing-technology/p:2
Silvercrest,https://www.silvercrestadvertising.com/?cmo_trali=8810450.58u6q,https://marketingresourcedirectory.ama.org/listing/marketing-technology/p:2
"WRC Research Systems, Inc.",http://www.wrcresearch.com,https://marketingresourcedirectory.ama.org/listing/marketing-technology/p:2
The Incentive Group,https://www.incentivegroup.com/,https://marketingresourcedirectory.ama.org/listing/marketing-communications/
"Company Folders, Inc.",https://www.companyfolders.com,https://marketingresourcedirectory.ama.org/listing/marketing-communications/
OvationMR,https://www.ovationmr.com/,https://marketingresourcedirectory.ama.org/listing/marketing-communications/
FGPG,https://freddiegeorges.com/,https://marketingresourcedirectory.ama.org/listing/marketing-communications/
NeigerDesign,http://www.neigerdesign.com/,https://marketingresourcedirectory.ama.org/listing/marketing-communications/
Bookyourdata.com,http://www.bookyourdata.com,https://marketingresourcedirectory.ama.org/listing/marketing-communications/
Melissa,http://www.melissa.com/,https://marketingresourcedirectory.ama.org/listing/marketing-communications/
SueYoungMedia.com,https://www.sueyoungmedia.com/,https://marketingresourcedirectory.ama.org/listing/marketing-communications/
Movéo,https://www.moveo.com/,https://marketingresourcedirectory.ama.org/listing/marketing-communications/
Impact XM,https://impact-xm.com/,https://marketingresourcedirectory.ama.org/listing/marketing-communications/p:2
EntmtMktg: Group,http://www.propagandagem.com/,https://marketingresourcedirectory.ama.org/listing/marketing-communications/p:2
UC Translations,http://www.uctranslations.com,https://marketingresourcedirectory.ama.org/listing/marketing-communications/p:2
Hangar12,https://www.hangar-12.com/#,https://marketingresourcedirectory.ama.org/listing/marketing-communications/p:2
Silvercrest,https://www.silvercrestadvertising.com/?cmo_trali=8810450.58u6q,https://marketingresourcedirectory.ama.org/listing/marketing-communications/p:2
Vision One Research,http://www.visionone.co.uk,https://marketingresourcedirectory.ama.org/listing/data-analytics
Material,https://www.materialplus.io/,https://marketingresourcedirectory.ama.org/listing/data-analytics
EurekaFacts LLC,http://www.eurekafacts.com,https://marketingresourcedirectory.ama.org/listing/data-analytics
Perspective Research Services,https://perspectivemr.co.uk/,https://marketingresourcedirectory.ama.org/listing/data-analytics
Decision Point,http://decision-point.net,https://marketingresourcedirectory.ama.org/listing/data-analytics
B2B International,https://www.b2binternational.com/?utm_source=AMA&utm_medium=referral&utm_campaign=AMA%20Marketing%20Resource%20Directory%20Listing,https://marketingresourcedirectory.ama.org/listing/data-analytics
Ascribe,https://goascribe.com/?utm_source=AMA&utm_medium=Directory+,https://marketingresourcedirectory.ama.org/listing/data-analytics
Adience - a B2B market research agency in New York City,https://www.hello-adience.com,https://marketingresourcedirectory.ama.org/listing/data-analytics
Complete Research Consultants,http://www.crcmr.com,https://marketingresourcedirectory.ama.org/listing/data-analytics
OvationMR,https://www.ovationmr.com/,https://marketingresourcedirectory.ama.org/listing/data-analytics
CatalystMR,http://www.catalystmr.com,https://marketingresourcedirectory.ama.org/listing/data-analytics/p:2
MarkestCast,https://marketcast.com/,https://marketingresourcedirectory.ama.org/listing/data-analytics/p:2
"Customer Lifecycle, LLC",http://www.customerlifecycle.us,https://marketingresourcedirectory.ama.org/listing/data-analytics/p:2
Escalent,http://www.escalent.co/,https://marketingresourcedirectory.ama.org/listing/data-analytics/p:2
Melissa,http://www.melissa.com/,https://marketingresourcedirectory.ama.org/listing/data-analytics/p:2
"Olson Research Group, Inc.",http://www.olsonresearchgroup.com/about-us/,https://marketingresourcedirectory.ama.org/listing/data-analytics/p:2
"Kelton, a Material Company",http://www.keltonglobal.com,https://marketingresourcedirectory.ama.org/listing/data-analytics/p:2
Siteimprove,https://siteimprove.com/,https://marketingresourcedirectory.ama.org/listing/data-analytics/p:2
Lighthouse Research,http://www.go-lighthouse.com,https://marketingresourcedirectory.ama.org/listing/data-analytics/p:2
"Maryland Marketing Source, Inc.",https://mdmarketingsource.com/,https://marketingresourcedirectory.ama.org/listing/data-analytics/p:2
LRW- A Material Company,http://www.LRWonline.com,https://marketingresourcedirectory.ama.org/listing/data-analytics/p:3
Kelly Scott Madison,https://ksmmedia.com/?utm_source=AMA&utm_medium=Listing,https://marketingresourcedirectory.ama.org/listing/data-analytics/p:3
Blackstone Group,http://www.bgglobal.com,https://marketingresourcedirectory.ama.org/listing/data-analytics/p:3
INOVIS,http://inovis.global,https://marketingresourcedirectory.ama.org/listing/data-analytics/p:3
"Bauman Research &amp; Consulting, LLC",http://www.baumanresearch.com,https://marketingresourcedirectory.ama.org/listing/data-analytics/p:3
"M/A/R/C® Research, LLC",https://www.marcresearch.com/,https://marketingresourcedirectory.ama.org/listing/data-analytics/p:3
TRC Market Research,http://www.trchome.com,https://marketingresourcedirectory.ama.org/listing/data-analytics/p:3
DataPrompt International,http://www.datapromptintl.com,https://marketingresourcedirectory.ama.org/listing/data-analytics/p:3
Archer Education,https://www.archeredu.com/,https://marketingresourcedirectory.ama.org/listing/data-analytics/p:3
"Decision Analyst, Inc.",http://www.decisionanalyst.com,https://marketingresourcedirectory.ama.org/listing/data-analytics/p:3
CodingExperts,http://www.codingexperts.net,https://marketingresourcedirectory.ama.org/listing/data-analytics/p:4
Rabin Research Company,http://www.rabinresearch.com,https://marketingresourcedirectory.ama.org/listing/data-analytics/p:4
Henne Group,http://www.thehennegroup.com,https://marketingresourcedirectory.ama.org/listing/data-analytics/p:4
SilverTech,https://www.silvertech.com/,https://marketingresourcedirectory.ama.org/listing/data-analytics/p:4
Telepoll Market Research,https://www.Telepoll.net,https://marketingresourcedirectory.ama.org/listing/data-analytics/p:4
Sawtooth Software,https://sawtoothsoftware.com/,https://marketingresourcedirectory.ama.org/listing/data-analytics/p:4
Market Probe International,http://www.marketprobeint.com,https://marketingresourcedirectory.ama.org/listing/data-analytics/p:4
Hangar12,https://www.hangar-12.com/#,https://marketingresourcedirectory.ama.org/listing/data-analytics/p:4
Advanis,http://www.advanis.ca,https://marketingresourcedirectory.ama.org/listing/data-analytics/p:4
Ask Miami,http://www.askmiami.com,https://marketingresourcedirectory.ama.org/listing/data-analytics/p:5
Silvercrest,https://www.silvercrestadvertising.com/?cmo_trali=8810450.58u6q,https://marketingresourcedirectory.ama.org/listing/data-analytics/p:5
Ace Fieldwork China Co.,http://www.acefw.com/,https://marketingresourcedirectory.ama.org/listing/data-analytics/p:5
"Gongos, Inc.",http://www.gongos.com/,https://marketingresourcedirectory.ama.org/listing/data-analytics/p:5
EDGE Marketing,http://welcometoedge.com/,https://marketingresourcedirectory.ama.org/listing/data-analytics/p:5
Ramius - Recollective,https://www.recollective.com/?utm_medium=Listing&utm_source=AMA,https://marketingresourcedirectory.ama.org/listing/data-analytics/p:5
Irwin Broh Research,http://www.irwinbroh.com,https://marketingresourcedirectory.ama.org/listing/data-analytics/p:5
The Incentive Group,https://www.incentivegroup.com/,https://marketingresourcedirectory.ama.org/listing/digital-marketing
FGPG,https://freddiegeorges.com/,https://marketingresourcedirectory.ama.org/listing/digital-marketing
"KL Communications, Inc.",http://www.klcommunications.com,https://marketingresourcedirectory.ama.org/listing/digital-marketing
NeigerDesign,http://www.neigerdesign.com/,https://marketingresourcedirectory.ama.org/listing/digital-marketing
Bookyourdata.com,http://www.bookyourdata.com,https://marketingresourcedirectory.ama.org/listing/digital-marketing
US Sweepstakes &amp; Fulfillment Company,http://www.ussweeps.com,https://marketingresourcedirectory.ama.org/listing/digital-marketing
SueYoungMedia.com,https://www.sueyoungmedia.com/,https://marketingresourcedirectory.ama.org/listing/digital-marketing
Siteimprove,https://siteimprove.com/,https://marketingresourcedirectory.ama.org/listing/digital-marketing
Kelly Scott Madison,https://ksmmedia.com/?utm_source=AMA&utm_medium=Listing,https://marketingresourcedirectory.ama.org/listing/digital-marketing
Archer Education,https://www.archeredu.com/,https://marketingresourcedirectory.ama.org/listing/digital-marketing/p:2
Ventura Associates International LLC,http://www.sweepspros.com,https://marketingresourcedirectory.ama.org/listing/digital-marketing/p:2
SilverTech,https://www.silvertech.com/,https://marketingresourcedirectory.ama.org/listing/digital-marketing/p:2
Hangar12,https://www.hangar-12.com/#,https://marketingresourcedirectory.ama.org/listing/digital-marketing/p:2
IntelliSurvey,http://www.intellisurvey.com,https://marketingresourcedirectory.ama.org/listing/digital-marketing/p:2
Silvercrest,https://www.silvercrestadvertising.com/?cmo_trali=8810450.58u6q,https://marketingresourcedirectory.ama.org/listing/digital-marketing/p:2
EDGE Marketing,http://welcometoedge.com/,https://marketingresourcedirectory.ama.org/listing/digital-marketing/p:2
