name,website
"Just The Facts, Inc.",http://www.justthefacts.com/
C+R Research,https://www.crresearch.com/
Savanta,https://www.savanta.com
Provoke Insights,https://provokeinsights.com/
CATALYSTMR,https://catalystmr.com/
Geo Strategy Partners,http://www.geostrategypartners.com
B2B International,https://www.b2binternationalusa.com/?utm_source=quirks&utm_medium=referral&utm_campaign=Quirks%20Referral%20New%20York%20USA
Mercury Analytics,https://www.mercuryanalytics.com/why-mercury/
FUEL,http://www.fuelyourworld.com
DLG Research &amp; Marketing Solutions,https://dlgresearch.com/
"Confero, Inc.",https://www.conferoinc.com/
"Magnet, Inc. Brand Planning",https://magnetinc.net/
Campos,https://www.campos.com/
"Digital Research, Inc.",https://www.digitalresearch.com/
Frieden Qualitative Services,http://garyfrieden.com/
Tobii Pro,https://www.tobiipro.com/?utm_source=Quirk’s&utm_medium=web_directory
StrateSci Inc.,http://www.stratesci.com
Marketing Workshop,https://www.mwshop.com/
Adience,https://www.hello-adience.com/
Engel Research Partners,http://www.1marcengel.com/
"Babbletype, LLC",https://babbletype.com/
"Moore Research Services, Inc.",http://www.moore-research.com
Unmuted Consumer Insights,https://www.unmutedci.com/
"The Dieringer Research Group, Inc. (The DRG)",https://thedrg.com/
Priority Metrics Group Inc.,https://pmgco.com/
Geo Strategy Partners,http://www.geostrategypartners.com
B2B International,https://www.b2binternationalusa.com/?utm_source=quirks&utm_medium=referral&utm_campaign=Quirks%20Referral%20New%20York%20USA
Adience,https://www.hello-adience.com/
myCLEARopinion Panel,http://www.myclearopinionpanel.com/
CATALYSTMR,https://catalystmr.com/
"Just The Facts, Inc.",http://www.justthefacts.com/
C+R Research,https://www.crresearch.com/
Savanta,https://www.savanta.com
Provoke Insights,https://provokeinsights.com/
QualSights,https://www.qualsights.com/
CATALYSTMR,https://catalystmr.com/
Geo Strategy Partners,http://www.geostrategypartners.com
Schlesinger Group New Jersey,https://www.schlesingergroup.com/en/locations/united-states/new-jersey/?utm_source=quirks&utm_medium=directorylisting_paid&utm_campaign=corp_quirksdirectory&utm_term=directorylistingjuly22_schlesingernewjersey&utm_content=button
InnovateMR,https://www.innovatemr.com/quirks
B2B International,https://www.b2binternationalusa.com/?utm_source=quirks&utm_medium=referral&utm_campaign=Quirks%20Referral%20New%20York%20USA
OvationMR,https://www.ovationmr.com
NewtonX,https://www.newtonx.com/leading-b2b-market-research-company/?utm_campaign=Directory_Quirks&utm_source=directory&utm_medium=directory-profile
Dtect,https://res.tech/product/
Directions Inc,https://directionsresearch.com/?utm_source=quirks-local-listing&utm_medium=visit-website-button
Daniel Research Group,http://www.danielresearchgroup.com
"Communications For Research, Inc.",https://www.cfrinc.net/
"Opinions, Ltd. - Headquarters",https://www.opinionsltd.com/
Mercury Analytics,https://www.mercuryanalytics.com/why-mercury/
FUEL,http://www.fuelyourworld.com
"Confero, Inc.",https://www.conferoinc.com/
Focus Insite,https://focusinsite.com/
"CSS/datatelligence, a division of CRG Global",http://www.cssdatatelligence.com
"Gold Research, Inc.",https://www.goldresearchinc.com/
Cascade Insights,https://www.cascadeinsights.com/
RDI Sightline,https://rdisightline.com/
Priority Metrics Group Inc.,https://pmgco.com/
Eastcoast Research,https://eastcoastresearch.com/
RTi Research,http://www.rtiresearch.com
MarketVision Research®,https://mv-research.com/
"Focus Groups of Cleveland, Inc.",http://www.focusgroupsofcleveland.com
Irwin Broh Research,https://www.irwinbroh.com/
Focus Crossroads,http://www.focuscrossroads.com
Certus Insights,https://certusinsights.com/
Kudos Research,https://kudosresearch.com/
Phase 5,https://www.phase-5.com/
MOTIF,https://www.motif.mx/en/home/
"Eleven Market Research, LLC",https://www.elevenmarketresearch.com/
Big Village,https://engine-insights.com/
Krämer Marktforschung GmbH,https://www.kraemer-germany.com/en
First Insights,http://www.firstinsights.com
CRC Research Inc,https://crcresearch.com/
Adience,https://www.hello-adience.com/
"Fletcher Knight, Inc.",https://fletcherknight.com/
"MAXimum Research, Inc.",http://www.maximumresearch.com
The Focus Room,http://www.focusroom.com
Kadence International,http://www.kadence.com
"Customer Lifecycle, LLC",http://www.customerlifecycle.us
"Applied Marketing Science, Inc.",https://www.ams-inc.com/
SKIM,https://skimgroup.com/
Kadence International,https://kadence.com/
Engage in Depth,http://www.engageindepth.com
myCLEARopinion Panel,http://www.myclearopinionpanel.com/
Pittsburgh Speaks,https://pittsburghspeaks.com/
Ann Michaels &amp; Associates Ltd.,https://ishopforyou.com/
SODA Market Research S.C.,http://soda-imr.com/
"The Dieringer Research Group, Inc. (The DRG)",https://thedrg.com/
Customer Service Profiles (CSP),https://www.csp.com/
Associated Global Market Research,https://agmr.com/
ASK Global Universal Ltd,https://www.askglobaluniversal.com/
"Vault Consulting, LLC",https://vaultconsulting.com/research
"Focus Centre of Chicago, Inc.",https://www.focuscentre-chicago.com/
River Mist Transcription Services,https://rivermisttranscription.com/
B2B International,https://www.b2binternationalusa.com/?utm_source=quirks&utm_medium=referral&utm_campaign=Quirks%20Referral%20Chicago%20USA
B2B International,https://www.b2binternational.com/?utm_source=quirks&utm_medium=referral&utm_campaign=Quirks%20Referral%20London%20Global
Schlesinger Group Germany,https://www.schlesingergroup.com/en/company/our-brands/schlesinger-group-germany/?utm_source=quirks&utm_medium=directorylisting_paid&utm_campaign=corp_quirksdirectory&utm_term=directorylistingjuly22_schlesingergermany&utm_content=button
NAXION,https://www.naxionthinking.com/
Logica Research,https://logicaresearch.com/
"Connected Research &amp; Consulting, LLC",https://connectedrc.com/
Adience,https://www.hello-adience.com/uk
Worldbridge Language Services,https://worldbridgeservices.com/
Paradigm Sample,https://corporate.paradigmsample.com/
"Hagen/Sinclair Research Recruiting Inc., Chico",https://hagensinclair.com/
"Customer Foresight Group, Limited",https://customerforesight.com
Schlesinger Group France,https://www.schlesingergroup.com/en/company/our-brands/schlesinger-group-france/?utm_source=quirks&utm_medium=directorylisting_paid&utm_campaign=corp_quirksdirectory&utm_term=directorylistingjuly22_schlesingerfrance&utm_content=button
Old Salt,https://www.oldsalt.com/
Observation Baltimore,https://observationbaltimore.com/
Passerelles Schlesinger Group,https://www.schlesingergroup.com/en/company/our-brands/passerelles/?utm_source=quirks&utm_medium=directorylisting_paid&utm_campaign=corp_quirksdirectory&utm_term=directorylistingjuly22_passerellespage&utm_content=button
MarketVision Research® (Br.),https://mv-research.com/
"Advantage Research, Inc.",http://www.advantageresearchinc.com
"Curion, LLC",https://curioninsights.com
"Just The Facts, Inc.",http://www.justthefacts.com/
C+R Research,https://www.crresearch.com/
Provoke Insights,https://provokeinsights.com/
"Curion, LLC",https://curioninsights.com
QualSights,https://www.qualsights.com/
CATALYSTMR,https://catalystmr.com/
Fieldwork Network,https://www.fieldwork.com/
InnovateMR,https://www.innovatemr.com/quirks
OvationMR,https://www.ovationmr.com
Touchstone Research,http://www.touchstoneresearch.com/
"Olson Research Group, Inc.",http://www.olsonresearchgroup.com/
Child Research (a division of Touchstone Research),http://touchstoneresearch.com/youth-families/approach-expertise/
Dtect,https://res.tech/product/
Daniel Research Group,http://www.danielresearchgroup.com
"Opinions, Ltd. - Headquarters",https://www.opinionsltd.com/
FUEL,http://www.fuelyourworld.com
DLG Research &amp; Marketing Solutions,https://dlgresearch.com/
"CSS/datatelligence, a division of CRG Global",http://www.cssdatatelligence.com
"Gold Research, Inc.",https://www.goldresearchinc.com/
Catalyx,https://thecatalyx.com/
Campos,https://www.campos.com/
"Focus Groups of Cleveland, Inc.",http://www.focusgroupsofcleveland.com
EthOS,https://ethosapp.com/
Frieden Qualitative Services,http://garyfrieden.com/
Focus Crossroads,http://www.focuscrossroads.com
Certus Insights,https://certusinsights.com/
Leede Research,https://leedemn.com/
Kudos Research,https://kudosresearch.com/
InsightsNow,https://bit.ly/QuirksSourcebook
StrateSci Inc.,http://www.stratesci.com
"Eleven Market Research, LLC",https://www.elevenmarketresearch.com/
Marketing Workshop,https://www.mwshop.com/
Krämer Marktforschung GmbH,https://www.kraemer-germany.com/en
Network Research Field Services,https://www.networkfield.com
Engel Research Partners,http://www.1marcengel.com/
buzzback,https://www.buzzback.com/
AOC Marketing Research,http://www.aocresearch.com
"MAXimum Research, Inc.",http://www.maximumresearch.com
The Focus Room,http://www.focusroom.com
U&amp;I Collaboration,https://www.uandicollaboration.com/
"Babbletype, LLC",https://babbletype.com/
Kadence International,http://www.kadence.com
"Applied Marketing Science, Inc.",https://www.ams-inc.com/
Kadence International,https://kadence.com/
Engage in Depth,http://www.engageindepth.com
"Rare Patient Voice, LLC",https://rarepatientvoice.com/
Elevated Insights,https://elevatedinsights.com/
Pittsburgh Speaks,https://pittsburghspeaks.com/
Intact Qualitative Research,https://www.intactqualitativeresearch.com/
Concepts In Focus (aka RDTeam-South),https://conceptsinfocus.com/
Associated Global Market Research,https://agmr.com/
ASK Global Universal Ltd,https://www.askglobaluniversal.com/
InterQ Learning Labs,https://iqlearninglabs.com/
Focus Groups of America,https://focusgroupsofamerica.com/
"Market Probe International, Inc.",http://www.marketprobeint.com
aytm – Ask Your Target Market,https://www.aytm.com
"Focus Centre of Chicago, Inc.",https://www.focuscentre-chicago.com/
Schlesinger Group Germany,https://www.schlesingergroup.com/en/company/our-brands/schlesinger-group-germany/?utm_source=quirks&utm_medium=directorylisting_paid&utm_campaign=corp_quirksdirectory&utm_term=directorylistingjuly22_schlesingergermany&utm_content=button
Paradigm Sample,https://corporate.paradigmsample.com/
"Hagen/Sinclair Research Recruiting Inc., Chico",https://hagensinclair.com/
Schlesinger Group France,https://www.schlesingergroup.com/en/company/our-brands/schlesinger-group-france/?utm_source=quirks&utm_medium=directorylisting_paid&utm_campaign=corp_quirksdirectory&utm_term=directorylistingjuly22_schlesingerfrance&utm_content=button
Observation Baltimore,https://observationbaltimore.com/
"Insights Center, LLC",http://www.insightscenters.com/
"CodingExperts, LLC",https://www.codingexperts.net/
"AnswerQuest, an Insights Center Facility",http://www.answerquestresearch.com
Passerelles Schlesinger Group,https://www.schlesingergroup.com/en/company/our-brands/passerelles/?utm_source=quirks&utm_medium=directorylisting_paid&utm_campaign=corp_quirksdirectory&utm_term=directorylistingjuly22_passerellespage&utm_content=button
ProSense Consumer Research Center,https://www.prosensecrc.com/
Corona Insights,http://www.coronainsights.com
"Advantage Research, Inc.",http://www.advantageresearchinc.com
"Just The Facts, Inc.",http://www.justthefacts.com/
C+R Research,https://www.crresearch.com/
Savanta,https://www.savanta.com
Provoke Insights,https://provokeinsights.com/
CATALYSTMR,https://catalystmr.com/
Geo Strategy Partners,http://www.geostrategypartners.com
B2B International,https://www.b2binternationalusa.com/?utm_source=quirks&utm_medium=referral&utm_campaign=Quirks%20Referral%20New%20York%20USA
Mercury Analytics,https://www.mercuryanalytics.com/why-mercury/
FUEL,http://www.fuelyourworld.com
DLG Research &amp; Marketing Solutions,https://dlgresearch.com/
"Confero, Inc.",https://www.conferoinc.com/
"Magnet, Inc. Brand Planning",https://magnetinc.net/
Campos,https://www.campos.com/
"Digital Research, Inc.",https://www.digitalresearch.com/
Frieden Qualitative Services,http://garyfrieden.com/
GMO Research Inc.,http://gmo-research.com/?utm_source=Qrksdirectory
Tobii Pro,https://www.tobiipro.com/?utm_source=Quirk’s&utm_medium=web_directory
StrateSci Inc.,http://www.stratesci.com
JTN Research Ltd,https://jtnresearch.com/
Marketing Workshop,https://www.mwshop.com/
Krämer Marktforschung GmbH,https://www.kraemer-germany.com/en
Adience,https://www.hello-adience.com/
Engel Research Partners,http://www.1marcengel.com/
"Babbletype, LLC",https://babbletype.com/
"Moore Research Services, Inc.",http://www.moore-research.com
Unmuted Consumer Insights,https://www.unmutedci.com/
"The Dieringer Research Group, Inc. (The DRG)",https://thedrg.com/
Associated Global Market Research,https://agmr.com/
The Research Alliance (TRA),https://www.research-alliance.com/
